id;name;source_code;source_code_content_type;creation_date
1;взломать Right-sized;../fake-data/blob/hipster.png;image/png;2022-05-01T16:38:29
2;Камчатская Стул payment;../fake-data/blob/hipster.png;image/png;2022-05-02T03:32:02
3;сжатие Эргономичный;../fake-data/blob/hipster.png;image/png;2022-05-02T06:04:51
4;интеграционный Польша;../fake-data/blob/hipster.png;image/png;2022-05-02T07:01:40
5;коммуникационный голубой;../fake-data/blob/hipster.png;image/png;2022-05-01T19:44:06
6;зашифровать площадь;../fake-data/blob/hipster.png;image/png;2022-05-01T15:28:49
7;Ботинок Home;../fake-data/blob/hipster.png;image/png;2022-05-01T10:45:21
8;Глобальный;../fake-data/blob/hipster.png;image/png;2022-05-01T19:00:28
9;зеленовато-голубой область;../fake-data/blob/hipster.png;image/png;2022-05-01T18:23:33
10;Грубый;../fake-data/blob/hipster.png;image/png;2022-05-01T23:24:21
